{
    "objects": {
        "junctions": {
            "ground": {
                "V5": {
                    "x": 63.620000000000005,
                    "y": 302.38,
                    "z": 7.1,
                    "h": 14.2,
                    "w": 15.2,
                    "d": 15.2
                },
                "X5": {
                    "x": 183.0,
                    "y": 302.38,
                    "z": 7.1,
                    "h": 14.2,
                    "w": 15.2,
                    "d": 15.2
                },
                "Z5": {
                    "x": 302.38,
                    "y": 302.38,
                    "z": 7.1,
                    "h": 14.2,
                    "w": 15.2,
                    "d": 15.2
                },
                "V3": {
                    "x": 63.620000000000005,
                    "y": 183.0,
                    "z": 7.1,
                    "h": 14.2,
                    "w": 15.2,
                    "d": 15.2
                },
                "X3": {
                    "x": 183.0,
                    "y": 183.0,
                    "z": 7.1,
                    "h": 14.2,
                    "w": 15.2,
                    "d": 15.2
                },
                "Z3": {
                    "x": 302.38,
                    "y": 183.0,
                    "z": 7.1,
                    "h": 14.2,
                    "w": 15.2,
                    "d": 15.2
                },
                "V1": {
                    "x": 63.620000000000005,
                    "y": 63.620000000000005,
                    "z": 7.1,
                    "h": 14.2,
                    "w": 15.2,
                    "d": 15.2
                },
                "X1": {
                    "x": 183.0,
                    "y": 63.620000000000005,
                    "z": 7.1,
                    "h": 14.2,
                    "w": 15.2,
                    "d": 15.2
                },
                "Z1": {
                    "x": 302.38,
                    "y": 63.620000000000005,
                    "z": 7.1,
                    "h": 14.2,
                    "w": 15.2,
                    "d": 15.2
                }
            },
            "low": {
                "W5": {
                    "x": 123.31,
                    "y": 302.38,
                    "z": 17.15,
                    "h": 34.3,
                    "w": 15.2,
                    "d": 15.2
                },
                "Y5": {
                    "x": 242.69,
                    "y": 302.38,
                    "z": 17.15,
                    "h": 34.3,
                    "w": 15.2,
                    "d": 15.2
                },
                "V4": {
                    "x": 63.620000000000005,
                    "y": 242.69,
                    "z": 17.15,
                    "h": 34.3,
                    "w": 15.2,
                    "d": 15.2
                },
                "Z4": {
                    "x": 302.38,
                    "y": 242.69,
                    "z": 17.15,
                    "h": 34.3,
                    "w": 15.2,
                    "d": 15.2
                },
                "V2": {
                    "x": 63.620000000000005,
                    "y": 123.31,
                    "z": 17.15,
                    "h": 34.3,
                    "w": 15.2,
                    "d": 15.2
                },
                "Z2": {
                    "x": 302.38,
                    "y": 123.31,
                    "z": 17.15,
                    "h": 34.3,
                    "w": 15.2,
                    "d": 15.2
                },
                "W1": {
                    "x": 123.31,
                    "y": 63.620000000000005,
                    "z": 17.15,
                    "h": 34.3,
                    "w": 15.2,
                    "d": 15.2
                },
                "Y1": {
                    "x": 242.69,
                    "y": 63.620000000000005,
                    "z": 17.15,
                    "h": 34.3,
                    "w": 15.2,
                    "d": 15.2
                }
            },
            "mid": {
                "W4": {
                    "x": 123.31,
                    "y": 242.69,
                    "z": 29.85,
                    "h": 59.7,
                    "w": 15.2,
                    "d": 15.2
                },
                "Y4": {
                    "x": 242.69,
                    "y": 242.69,
                    "z": 29.85,
                    "h": 59.7,
                    "w": 15.2,
                    "d": 15.2
                },
                "W2": {
                    "x": 123.31,
                    "y": 123.31,
                    "z": 29.85,
                    "h": 59.7,
                    "w": 15.2,
                    "d": 15.2
                },
                "Y2": {
                    "x": 242.69,
                    "y": 123.31,
                    "z": 29.85,
                    "h": 59.7,
                    "w": 15.2,
                    "d": 15.2
                }
            },
            "high": {
                "X4": {
                    "x": 183.0,
                    "y": 242.69,
                    "z": 42.55,
                    "h": 85.1,
                    "w": 15.2,
                    "d": 15.2
                },
                "W3": {
                    "x": 123.31,
                    "y": 183.0,
                    "z": 42.55,
                    "h": 85.1,
                    "w": 15.2,
                    "d": 15.2
                },
                "Y3": {
                    "x": 242.69,
                    "y": 183.0,
                    "z": 42.55,
                    "h": 85.1,
                    "w": 15.2,
                    "d": 15.2
                },
                "X2": {
                    "x": 183.0,
                    "y": 123.31,
                    "z": 42.55,
                    "h": 85.1,
                    "w": 15.2,
                    "d": 15.2
                }
            }
        },
        "walls": {
            "down": {
                "x": 183.0,
                "y": 0,
                "z": 25.0,
                "w": 366,
                "d": -5,
                "h": 50
            },
            "up": {
                "x": 183.0,
                "y": 366,
                "z": 25.0,
                "w": 366,
                "d": -5,
                "h": 50
            },
            "left": {
                "x": 0,
                "y": 183.0,
                "z": 25.0,
                "w": -5,
                "d": 366,
                "h": 50
            },
            "right": {
                "x": 366,
                "y": 183.0,
                "z": 25.0,
                "w": -5,
                "d": 366,
                "h": 50
            }
        },
        "coneStacks": {
            "blueDown": {
                "x": 149.98,
                "y": 0,
                "z": 10.1,
                "w": 10.16,
                "d": 10.16,
                "h": 20.2
            },
            "blueUp": {
                "x": 149.98,
                "y": 366,
                "z": 10.1,
                "w": 10.16,
                "d": 10.16,
                "h": 20.2
            },
            "redDown": {
                "x": 216.02,
                "y": 0,
                "z": 10.1,
                "w": 10.16,
                "d": 10.16,
                "h": 20.2
            },
            "redUp": {
                "x": 216.02,
                "y": 366,
                "z": 10.1,
                "w": 10.16,
                "d": 10.16,
                "h": 20.2
            }
        }
    },
    "targets": {
        "substations": {
            "blue": {
                "x": 17.314999999999998,
                "y": 183.0,
                "z": 0,
                "w": 34.629999999999995,
                "d": 61,